"date","hotel","stars","rooms","region","flavor","freshness","temperature","service","country"
"2014-05-10 20:27:08","Marriot","3","11","5","2","2","5","3","Finlandia"
"2014-07-04 21:12:35","Grand Palace Hotel","2","236","11","2","5","4","2","Italia"
"2014-08-04 20:41:38","Europa","4","206","17","5","4","3","5","Italia"
"2015-02-01 21:11:45","Park Hotel","4","220","12","2","4","2","1","Svezia"
"2014-08-27 20:55:36","Wool Street","2","58","17","4","3","1","5","UK"
"2014-10-16 20:29:53","Garden","5","138","4","1","4","3","5","Svezia"
"2014-11-18 20:31:29","Park Hotel","4","220","12","4","4","4","5","USA"
"2015-02-03 20:52:54","Welcome","3","3","19","1","1","4","5","Francia"
"2014-10-01 20:33:01","Western Bay","5","210","4","3","2","3","5","Germania"
"2014-09-08 20:42:45","Piram","5","142","17","4","5","2","3","Olanda"
"2015-03-09 20:53:49","Belvedere","5","149","3","5","1","4","5","Finlandia"
"2013-11-10 20:28:11","Garden","3","114","4","5","5","5","5","Finlandia"
"2013-07-16 20:50:17","Europa","4","206","17","2","4","2","4","Spagna"
"2013-11-06 20:38:14","Hilton","3","94","8","3","1","3","1","UK"
"2014-03-04 20:44:00","Palatino","2","298","4","2","3","3","4","Svezia"
"2013-04-02 21:01:25","Miramonti","5","172","3","5","3","2","1","UK"
"2013-08-20 21:23:02","Excelsior","2","110","6","4","5","3","4","USA"
"2014-01-16 20:30:18","Holiday Inn","3","177","12","3","3","4","2","Germania"
"2013-12-24 21:21:19","Ranieri","3","164","7","2","1","3","3","Italia"
"2013-05-28 21:17:25","Cristallo","3","25","14","1","5","1","5","UK"
"2013-05-23 20:35:13","Comfort Inn","4","280","2","3","2","4","3","Olanda"
"2013-11-10 20:34:04","La locanda del Barone","4","16","10","1","2","1","4","Spagna"
"2013-11-15 20:40:50","Grand Palace Hotel","4","277","6","4","5","1","3","Olanda"
"2013-12-18 21:02:39","Miramare","3","110","10","1","2","3","4","Italia"
"2014-02-11 20:44:35","Belvedere","2","194","15","4","4","3","1","Finlandia"
"2013-11-15 21:10:48","Marriot","3","34","20","4","2","3","4","Italia"
"2014-03-02 20:32:04","Una Hotels","3","115","13","5","2","5","2","Spagna"
"2013-09-13 20:25:09","Boscolo Hotels","5","148","2","3","4","1","2","UK"
"2013-06-19 21:14:21","Ritz Carlton","3","211","9","5","5","1","4","Svezia"
"2013-07-05 20:54:07","Ritz Carlton","3","211","9","1","5","5","4","Francia"
"2013-12-22 20:24:30","Cristallo","4","1","8","2","4","2","2","Italia"
"2013-12-30 20:24:32","Una Hotels","3","194","10","4","2","1","1","Finlandia"
"2014-02-11 21:07:36","OpenBB","2","60","19","2","2","3","5","Italia"
"2013-10-30 21:20:05","Grand Palace Hotel","3","73","17","3","1","4","4","Grecia"
"2013-03-29 20:24:33","Miramonti","2","182","12","2","2","4","1","Svezia"
"2013-12-17 20:37:03","Paradiso di Arolo","5","32","13","4","4","3","3","Finlandia"
"2014-03-15 20:31:38","Best Western","4","25","3","2","1","2","1","Francia"
"2014-01-29 20:44:40","Miramonti","4","225","15","2","3","4","4","Olanda"
"2013-05-26 20:50:22","Nord Nuova Roma","3","51","18","1","4","5","3","Olanda"
"2013-12-17 21:13:45","Centrale","3","140","6","1","4","1","3","Germania"
"2013-09-21 20:37:42","Miramare","5","243","18","2","5","3","3","Finlandia"
"2013-12-27 20:48:52","Comfort Inn","5","102","4","3","2","4","5","Svezia"
"2013-03-28 20:59:46","Comfort Inn","4","187","15","1","5","1","1","Finlandia"
"2013-04-11 21:23:00","Garden","5","138","4","2","1","5","5","Finlandia"
"2013-07-12 21:01:31","Centrale","2","108","9","1","4","3","1","Grecia"
"2013-08-05 20:38:52","Una Hotels","3","194","10","5","2","1","5","Olanda"
"2014-01-29 20:38:14","Sheraton","2","16","2","5","2","5","4","Svezia"
"2013-10-30 21:19:19","Ranieri","2","241","16","2","5","5","1","Francia"
"2013-07-20 20:25:09","I Basiliani","2","191","16","1","4","4","4","Italia"
"2014-01-15 21:19:50","Aurora","5","4","17","3","4","4","2","Finlandia"
"2014-03-09 20:50:12","Western Bay","4","48","16","5","2","3","5","Grecia"
"2013-04-06 20:28:19","Nord Nuova Roma","5","2","3","1","4","4","3","Olanda"
"2014-01-23 20:30:49","Excelsior","4","58","16","5","3","3","5","UK"
"2014-03-13 20:28:00","Grand Palace Hotel","3","73","17","5","5","3","4","Grecia"
"2013-05-13 20:52:31","Western Bay","3","145","2","2","4","2","2","Spagna"
"2013-11-16 20:33:25","Hilton","4","271","1","1","2","1","2","Olanda"
"2013-04-28 21:13:56","Paradiso di Arolo","3","169","15","4","5","5","4","UK"
"2013-05-12 20:44:57","Magnola","2","163","3","3","3","5","5","Finlandia"
"2013-07-24 20:48:49","Garden","3","83","13","1","5","3","3","USA"
"2013-08-16 20:46:24","Gugliel motel","2","103","1","1","2","1","1","Svezia"
"2013-06-22 20:50:02","Western Bay","5","210","4","1","5","2","5","Italia"
"2013-06-11 21:14:52","Ranieri","2","241","16","4","2","2","2","Spagna"
"2013-12-29 21:05:12","Le Meridien","3","114","9","3","2","1","4","UK"
"2013-08-17 21:18:09","Eden","4","122","9","4","4","1","3","UK"
"2014-01-23 21:11:28","Holiday Inn","3","177","12","5","5","5","4","UK"
"2014-01-29 21:15:38","Comfort Inn","5","102","4","4","3","4","4","Spagna"
"2014-01-30 20:29:55","Accor Italia Hotels","4","172","12","5","2","5","4","Grecia"
"2013-12-07 21:11:33","Nh Hotels","3","220","15","5","2","1","1","Spagna"
"2013-08-21 20:52:24","Palatino","5","279","16","3","4","4","2","Italia"
"2014-03-27 21:17:36","Boscolo Hotels","3","192","19","4","5","4","3","Spagna"
"2013-09-08 20:34:46","Paradise","2","46","5","4","5","1","5","Finlandia"
"2014-01-30 21:17:41","La Giocca","3","275","12","2","5","2","5","Spagna"
"2013-12-29 21:07:25","Aurora","5","135","17","2","5","4","4","Olanda"
"2013-07-24 21:01:44","Le Meridien","3","114","9","4","2","3","4","Olanda"
"2013-04-03 20:33:55","Radisson","5","257","2","5","1","2","1","Spagna"
"2013-05-30 21:03:26","Wool Street","3","105","6","1","1","5","3","Olanda"
"2013-09-10 21:20:25","Movenpick","4","200","10","3","4","3","4","Francia"
"2013-09-30 21:22:52","Garden","5","138","4","2","1","5","4","Italia"
"2013-12-30 21:22:33","Paradise","4","42","7","5","5","1","2","Olanda"
"2013-05-11 21:04:09","Park Hotel","5","192","16","3","4","4","3","Olanda"
"2014-03-12 21:01:17","Le Meridien","3","64","7","1","2","3","4","Svezia"
"2013-06-04 21:08:43","La locanda del Barone","3","223","17","2","2","1","3","Francia"
"2014-02-22 20:29:56","Aurora","2","121","2","5","3","1","4","Olanda"
"2013-11-24 20:33:56","Ranieri","2","241","16","3","3","4","4","Svezia"
"2013-10-17 20:26:26","Movenpick","5","100","16","2","5","2","4","Svezia"
"2013-06-05 21:06:30","La locanda del Barone","4","16","10","3","5","3","3","Spagna"
"2013-05-08 21:16:36","Belvedere","5","14","4","1","5","3","5","Olanda"
"2013-09-26 21:06:17","Nh Hotels","5","57","20","1","1","2","4","Grecia"
"2014-03-03 20:45:41","Wool Street","3","105","6","5","5","1","3","Spagna"
"2013-06-11 20:57:21","I Basiliani","5","255","14","2","3","4","5","USA"
"2013-08-11 20:46:56","Cristallo","4","1","8","1","1","2","1","Grecia"
"2014-01-05 20:42:13","Marriot","3","34","20","2","2","1","4","Olanda"
"2013-11-19 20:34:30","Miramonti","5","172","3","4","3","5","1","Grecia"
"2014-02-18 21:09:29","Boscolo Hotels","5","148","2","1","2","5","1","UK"
"2013-08-28 21:14:21","Nh Hotels","5","57","20","5","4","4","3","Italia"
"2014-02-06 20:52:40","La Giocca","4","154","14","3","3","1","3","Finlandia"
"2013-05-15 20:38:01","Holiday Inn","3","177","12","1","1","1","5","Svezia"
"2013-05-28 21:16:03","Piram","5","142","17","4","4","3","4","Finlandia"
"2014-01-17 20:27:25","Piram","2","266","15","3","5","1","2","Spagna"
"2013-09-25 21:17:34","Paradiso di Arolo","2","288","13","1","5","4","4","Grecia"
"2013-11-14 20:24:53","Nh Hotels","3","220","15","5","3","3","1","Grecia"
"2013-07-03 21:05:08","Excelsior","4","58","16","1","5","4","2","Olanda"
"2013-10-12 21:10:00","Palatino","5","279","16","1","5","5","1","Germania"
"2013-12-06 20:29:21","Accor Italia Hotels","2","288","7","3","3","1","2","USA"
"2013-12-23 20:54:42","Best Western","4","285","4","3","4","1","1","Finlandia"
"2013-05-29 20:36:10","Accor Italia Hotels","4","172","12","1","3","5","3","Olanda"
"2013-11-07 20:46:14","Centrale","3","43","12","2","5","1","4","UK"
"2013-10-13 20:45:43","Holiday Inn","4","141","19","1","3","1","1","UK"
"2014-02-24 20:54:14","Marriot","3","239","5","5","2","4","1","Grecia"
"2013-06-17 21:19:55","Paradiso di Arolo","3","169","15","5","3","2","4","Olanda"
"2013-11-23 20:34:14","OpenBB","2","60","19","4","5","1","5","Francia"
"2013-12-23 21:09:53","Una Hotels","3","194","10","5","4","5","5","Svezia"
"2013-11-26 19:13:26","Piram","2","266","15","4","5","4","5","Francia"
"2014-04-06 19:03:00","Cristallo","2","125","2","4","2","5","3","Germania"
"2014-01-28 18:29:42","Radisson","4","205","10","5","3","1","4","Spagna"
"2013-11-27 18:48:02","La locanda del Barone","5","39","18","3","5","1","1","Spagna"
"2014-04-05 18:57:31","Best Western","4","285","4","3","3","1","1","UK"
"2014-02-07 18:53:43","Eden","4","122","9","5","2","4","2","Olanda"
"2012-12-18 19:11:04","Belvedere","2","194","15","5","2","5","2","UK"
"2013-01-30 18:24:00","Hilton","4","271","1","3","3","4","3","UK"
"2013-05-27 18:30:59","I Basiliani","2","28","11","3","2","1","5","Svezia"
"2014-01-12 18:53:19","Accor Italia Hotels","2","288","7","2","2","5","1","Finlandia"
"2014-01-04 19:11:01","I Basiliani","5","255","14","4","4","4","2","Olanda"
"2013-01-16 18:57:08","Miramare","2","45","13","2","4","5","2","Germania"
"2013-06-01 19:19:07","Ranieri","2","241","16","1","5","1","2","Svezia"
"2012-07-25 18:20:21","La locanda del Barone","3","223","17","2","4","5","4","Germania"
"2014-02-08 18:36:24","Wool Street","5","15","15","4","1","2","1","Spagna"
"2012-06-11 18:25:44","Nord Nuova Roma","5","140","17","2","2","3","5","Olanda"
"2013-12-05 18:42:20","Radisson","3","290","1","3","3","2","4","Svezia"
"2013-01-02 18:19:31","Welcome","2","213","11","2","5","1","2","Finlandia"
"2013-10-30 18:34:50","Best Western","5","160","9","1","3","1","1","Olanda"
"2013-10-21 18:58:08","Hilton","4","271","1","2","3","2","1","Olanda"
"2013-04-14 19:13:58","La Rocca","3","112","4","2","2","5","3","Italia"
"2012-11-08 18:43:57","La Giocca","4","154","14","1","4","5","1","USA"
"2014-04-03 18:49:30","HB Hotels","2","278","18","3","4","2","1","Francia"
"2013-04-06 18:33:13","Miramonti","5","172","3","1","1","1","2","USA"
"2013-09-24 19:00:54","Western Bay","3","145","2","5","3","4","5","USA"
"2012-12-18 19:02:48","Marriot","3","11","5","4","1","3","4","Spagna"
"2013-03-21 18:25:32","Best Western","4","285","4","1","3","2","3","UK"
"2013-09-28 18:41:13","Marriot","3","11","5","4","4","5","1","Germania"
"2014-03-29 19:09:24","Le Meridien","5","189","1","4","4","2","2","UK"
"2013-11-01 18:20:53","Aurora","5","135","17","5","3","4","1","Grecia"
"2012-11-26 19:01:12","Best Western","5","160","9","4","4","5","5","Germania"
"2013-03-20 18:49:03","Belvedere","2","194","15","4","4","2","4","Finlandia"
"2013-12-11 19:14:15","HB Hotels","4","235","7","2","4","2","2","Germania"
"2013-08-11 18:53:44","Hilton","4","271","1","2","1","3","3","USA"
"2013-10-10 19:04:33","Belvedere","5","149","3","3","4","5","2","Grecia"
"2012-11-30 19:04:23","Paradise","4","42","7","5","1","1","5","Svezia"
"2013-11-28 19:04:14","Ritz Carlton","3","291","20","2","3","4","3","Germania"
"2012-12-30 18:25:22","Welcome","2","27","5","2","5","4","5","USA"
"2013-07-04 18:44:28","Grand Palace Hotel","2","236","11","1","5","3","3","Spagna"
"2012-10-07 18:44:52","Miramare","2","45","13","4","2","1","4","Svezia"
"2014-02-05 18:32:41","Bellini","5","131","11","2","5","3","4","Francia"
"2013-03-16 18:45:20","Excelsior","5","186","11","1","3","3","2","Spagna"
"2013-03-02 18:34:18","Una Hotels","3","194","10","5","4","1","1","Germania"
"2012-10-23 18:50:14","Movenpick","5","100","16","1","1","4","1","Francia"
"2013-02-23 18:49:28","Piram","3","182","9","2","1","3","2","Germania"
"2012-05-02 18:59:09","Holiday Inn","4","141","19","4","3","4","3","Svezia"
"2014-03-10 18:27:55","Piram","2","266","15","1","2","1","3","USA"
"2012-12-04 19:05:08","Centrale","3","140","6","2","4","5","5","Germania"
"2013-02-25 18:59:12","HB Hotels","2","278","18","5","4","4","2","Olanda"
"2012-09-18 18:43:21","Nh Hotels","3","220","15","4","1","2","5","Grecia"
"2012-08-11 18:47:37","Ritz Carlton","3","211","9","3","3","2","4","USA"
"2013-09-02 19:07:33","HB Hotels","2","278","18","5","5","3","2","Grecia"
"2012-06-13 19:11:43","OpenBB","2","204","4","1","2","4","1","Francia"
"2013-10-18 18:19:24","Paradise","2","46","5","1","5","1","1","Finlandia"
"2014-01-22 19:05:14","Welcome","2","27","5","5","1","1","5","Olanda"
"2012-11-17 18:23:32","Miramare","2","45","13","4","1","2","3","Italia"
"2014-04-16 19:14:33","Centrale","2","108","9","1","3","1","5","UK"
"2012-06-28 18:58:58","HB Hotels","2","278","18","5","2","3","2","Francia"
"2013-03-14 18:49:36","Sheraton","2","16","2","4","5","4","3","Spagna"
"2013-09-02 18:31:34","Piram","5","142","17","4","5","1","2","Svezia"
"2013-02-03 19:07:04","I Basiliani","5","255","14","2","1","4","1","Finlandia"
"2012-10-05 19:17:13","La Giocca","5","232","16","3","2","3","4","Francia"
"2013-02-18 18:51:36","Comfort Inn","5","102","4","5","1","1","5","Spagna"
"2012-12-01 19:13:56","Wool Street","2","58","17","3","1","3","3","Olanda"
"2014-03-18 18:57:13","Palatino","3","240","18","1","3","5","1","Francia"
"2014-03-22 19:16:39","OpenBB","2","204","4","2","3","4","4","Grecia"
"2013-05-14 18:48:51","HB Hotels","2","278","18","4","2","3","4","Svezia"
"2012-08-25 19:12:38","Park Hotel","5","192","16","1","2","2","5","USA"
"2012-08-14 18:43:38","Le Meridien","3","114","9","1","2","2","3","Spagna"
"2012-12-29 19:00:58","Paradise","2","197","4","2","2","1","5","Spagna"
"2012-10-17 18:35:53","Le Meridien","3","114","9","4","5","3","1","Finlandia"
"2013-10-14 18:35:21","Europa","3","131","3","5","4","1","2","Italia"
"2013-11-10 18:29:02","Excelsior","2","110","6","1","1","3","2","Svezia"
"2012-10-08 19:02:08","Paradiso di Arolo","5","32","13","1","4","1","1","Svezia"
"2014-03-03 18:35:16","Centrale","3","140","6","4","2","2","4","Germania"
"2013-07-12 18:50:12","Best Western","4","25","3","2","4","4","3","Spagna"
"2014-01-12 18:23:21","Accor Italia Hotels","2","288","7","2","5","3","4","Grecia"
"2013-02-05 18:37:43","Europa","4","206","17","3","5","3","5","Italia"
"2013-05-17 18:35:18","Superior","4","60","5","4","1","1","3","Francia"
"2013-10-12 19:09:51","Ritz Carlton","3","291","20","3","2","3","1","USA"
"2013-02-15 18:38:27","Ranieri","3","226","3","1","5","1","1","Italia"
"2014-02-07 18:38:17","Welcome","2","27","5","2","5","2","4","Italia"
"2012-10-27 19:04:25","Magnola","2","62","5","2","5","4","4","Finlandia"
"2012-07-22 18:52:55","Europa","3","59","11","1","5","3","4","USA"
"2014-03-13 18:49:07","Comfort Inn","4","280","2","5","1","2","4","Finlandia"
"2012-10-19 19:18:38","Movenpick","3","162","12","2","4","4","2","Germania"
"2013-12-26 18:54:29","Paradise","4","42","7","2","4","1","2","Italia"
"2013-05-21 18:35:37","Welcome","3","3","19","5","5","4","1","Grecia"
"2013-03-30 19:12:55","Boscolo Hotels","5","148","2","3","2","5","5","Svezia"
"2012-08-16 18:21:40","Magnola","2","62","5","1","4","2","1","Italia"
"2012-11-05 18:51:23","Cristallo","3","25","14","4","1","3","5","Grecia"
"2014-01-13 19:14:16","HB Hotels","4","268","3","1","3","5","2","Olanda"
"2013-05-31 19:00:50","Movenpick","3","162","12","3","4","4","1","Grecia"
"2012-05-22 19:10:48","Aurora","2","121","2","2","4","4","1","Olanda"
"2013-02-27 18:26:53","Holiday Inn","4","141","19","1","4","1","1","Finlandia"
"2012-12-21 18:52:07","I Basiliani","5","255","14","5","3","3","3","Germania"
"2012-08-11 18:20:05","Ritz Carlton","3","291","20","3","4","2","4","Francia"
"2012-11-27 18:28:01","Movenpick","5","100","16","3","1","5","2","Finlandia"
"2013-03-31 18:56:32","Movenpick","4","200","10","3","3","4","4","Olanda"
"2012-07-09 19:02:24","Europa","3","131","3","2","5","2","3","Francia"
"2013-10-02 19:10:18","Magnola","2","62","5","3","5","3","5","Italia"
"2013-01-18 18:49:12","Holiday Inn","3","177","12","1","3","5","1","USA"
"2013-02-19 18:41:56","Miramare","3","110","10","1","4","5","5","Svezia"
"2014-04-05 18:24:02","Gugliel motel","4","12","20","5","3","5","1","Italia"
"2012-09-22 19:09:56","Radisson","3","290","1","2","3","2","2","Spagna"
"2013-03-23 18:28:02","Paradiso di Arolo","5","32","13","3","4","3","5","Germania"
"2013-02-10 19:10:20","Hilton","4","271","1","2","5","1","2","Svezia"
"2013-02-15 19:07:31","Le Meridien","3","64","7","2","5","5","1","Germania"
"2013-05-02 18:39:36","Palatino","5","279","16","4","4","2","4","Finlandia"
"2012-06-28 19:05:39","Holiday Inn","3","177","12","5","1","4","5","Grecia"
"2012-11-06 19:17:50","Magnola","2","62","5","1","1","4","1","Italia"
"2012-05-06 19:17:23","Excelsior","4","58","16","1","5","5","5","Spagna"
"2013-07-03 18:59:03","Radisson","5","257","2","1","1","5","3","Finlandia"
"2012-09-18 18:28:19","Bellini","2","177","7","5","2","1","5","Germania"
"2012-05-22 18:47:31","Gugliel motel","2","103","1","3","1","3","5","UK"
"2013-06-02 18:30:50","Sheraton","5","177","17","1","3","2","5","Grecia"
"2014-04-08 18:33:07","La Giocca","4","154","14","2","1","5","2","Svezia"
"2012-05-28 18:47:43","Welcome","3","3","19","4","5","2","4","Germania"
"2013-06-10 19:10:44","Gugliel motel","4","12","20","5","3","4","1","Italia"
"2013-12-11 19:11:02","HB Hotels","4","268","3","4","3","2","5","Italia"
"2014-01-05 19:05:15","Marriot","3","239","5","1","4","4","3","Svezia"
"2012-05-17 19:03:57","La Giocca","4","154","14","2","3","2","1","UK"
"2012-12-12 18:42:20","Palatino","5","279","16","4","1","4","3","Grecia"
"2014-04-02 18:44:05","Bellini","2","177","7","1","1","3","2","Grecia"
"2012-10-15 18:30:48","Ranieri","3","226","3","2","4","1","4","Olanda"
"2013-05-05 19:06:51","Hilton","2","125","1","4","1","1","2","Olanda"
"2013-06-28 18:58:04","Centrale","2","108","9","4","1","2","4","Olanda"
"2013-02-22 18:39:37","Centrale","2","108","9","2","2","2","5","Finlandia"
"2012-12-11 18:53:23","Europa","3","59","11","4","3","3","4","Finlandia"
"2013-08-29 19:10:09","Aurora","5","4","17","2","4","3","4","Spagna"
"2012-05-25 18:46:59","Palatino","2","298","4","2","2","5","1","Olanda"
"2012-09-17 18:43:34","Aurora","5","4","17","3","2","2","5","Grecia"
"2013-11-12 18:44:51","Radisson","3","290","1","3","3","4","1","Germania"
"2014-04-10 19:04:05","HB Hotels","4","235","7","4","2","5","5","Francia"
"2014-04-03 19:05:49","Boscolo Hotels","5","148","2","1","3","5","1","Olanda"
"2012-11-01 19:21:32","Ritz Carlton","3","214","14","2","3","5","3","Finlandia"
"2012-06-07 19:12:50","Grand Palace Hotel","3","73","17","1","3","1","5","Grecia"
"2013-08-30 19:10:59","Wool Street","3","105","6","4","1","5","3","Olanda"
"2014-04-15 18:47:58","Le Meridien","5","189","1","5","2","1","2","Svezia"
"2013-06-29 19:17:55","Centrale","3","140","6","5","3","5","2","UK"
"2014-03-15 18:35:19","Miramare","5","243","18","4","3","4","2","Grecia"
"2012-05-24 18:23:41","Holiday Inn","4","141","19","4","3","4","2","Germania"
"2013-12-10 19:04:24","Le Meridien","3","64","7","2","5","4","5","Francia"
"2014-02-21 18:25:25","Accor Italia Hotels","4","172","12","3","5","3","3","Finlandia"
"2012-10-22 19:14:38","Hilton","3","94","8","3","4","1","5","Svezia"
"2012-09-27 19:07:07","Gugliel motel","2","103","1","2","3","5","4","Francia"
"2013-05-21 19:17:15","Western Bay","4","48","16","5","5","1","2","Germania"
"2013-09-25 18:34:00","Wool Street","5","15","15","4","5","5","3","Svezia"
"2013-09-16 18:43:03","Cristallo","4","1","8","4","3","5","2","Italia"
"2013-10-16 18:29:06","Movenpick","5","100","16","2","1","5","4","USA"
"2013-12-17 18:26:40","Nord Nuova Roma","3","51","18","4","4","1","5","Finlandia"
"2013-07-19 19:21:03","Palatino","3","240","18","3","2","2","2","Finlandia"
"2013-05-05 18:49:37","Eden","4","122","9","2","4","3","2","Olanda"
"2013-10-24 18:56:47","La locanda del Barone","3","223","17","3","4","3","5","Germania"
"2012-12-01 18:36:59","Western Bay","5","210","4","3","4","4","1","Spagna"
"2012-11-26 18:27:36","Ritz Carlton","3","214","14","1","2","4","5","Svezia"
"2013-06-23 19:09:33","Garden","3","83","13","4","4","2","4","USA"
"2013-05-14 18:53:26","Gugliel motel","2","103","1","5","3","1","2","Germania"
"2013-09-20 18:35:09","Hilton","2","125","1","5","2","4","3","Svezia"
"2014-04-04 19:19:38","Miramare","3","110","10","2","3","3","5","Grecia"
"2013-09-05 19:03:48","Superior","2","33","20","1","2","5","1","Finlandia"
"2014-03-19 18:36:10","Gugliel motel","4","201","14","5","1","5","4","USA"
"2012-06-03 18:24:24","Centrale","3","140","6","2","3","2","2","Germania"
"2013-05-02 18:29:06","Holiday Inn","4","26","13","4","5","2","3","Olanda"
"2013-07-18 18:40:22","Le Meridien","5","189","1","3","4","2","1","Grecia"
"2013-09-07 19:05:03","Centrale","3","140","6","4","3","3","1","Grecia"
"2013-07-01 18:38:47","Ranieri","2","241","16","3","4","5","5","Grecia"
"2014-02-03 19:07:54","Aurora","5","4","17","4","3","5","3","Spagna"
"2013-02-12 18:51:22","Garden","5","138","4","2","1","1","4","Francia"
"2013-07-10 19:03:13","Grand Palace Hotel","2","236","11","4","1","4","5","Finlandia"
"2013-06-02 18:40:22","Holiday Inn","4","141","19","3","4","2","1","Grecia"
"2012-09-11 18:31:51","Grand Palace Hotel","2","236","11","1","2","2","2","USA"
"2014-04-08 18:48:44","Paradise","4","42","7","5","5","1","1","Germania"
"2012-11-28 18:36:06","Cristallo","4","1","8","1","1","4","2","Svezia"
"2012-12-30 18:25:47","OpenBB","2","204","4","1","3","4","2","Francia"
"2013-08-19 18:48:47","Movenpick","4","200","10","2","5","1","5","USA"
"2013-10-14 19:02:31","Western Bay","5","210","4","3","5","4","5","UK"
"2013-12-04 19:18:44","Best Western","4","285","4","3","1","5","3","UK"
"2013-03-16 19:05:53","Le Meridien","3","114","9","2","5","4","4","USA"
"2013-07-25 18:27:08","Excelsior","2","110","6","5","3","4","5","Spagna"
"2013-08-19 18:36:10","Nh Hotels","3","220","15","4","5","1","2","Francia"
"2012-08-02 19:21:37","Boscolo Hotels","5","148","2","3","3","5","5","Svezia"
"2013-10-04 18:29:37","Wool Street","3","105","6","1","5","3","1","Spagna"
"2014-03-27 19:03:30","OpenBB","5","245","1","1","1","1","3","Spagna"
"2012-11-20 18:29:56","I Basiliani","2","191","16","4","3","3","5","Italia"
"2013-04-05 18:51:32","La locanda del Barone","5","39","18","3","1","5","1","Svezia"
"2013-01-10 19:19:46","La locanda del Barone","4","16","10","1","1","1","3","Grecia"
"2013-04-08 19:02:03","Aurora","5","4","17","2","5","3","1","UK"
"2012-07-13 18:41:32","Hilton","4","271","1","2","1","4","5","Francia"
"2013-10-24 19:14:53","Boscolo Hotels","2","280","17","1","2","5","2","Francia"
"2012-12-26 19:20:40","Best Western","4","25","3","1","1","2","5","Svezia"
"2013-12-13 18:58:57","Nh Hotels","2","14","11","2","3","4","4","Svezia"
"2013-02-03 19:06:31","Belvedere","2","194","15","4","2","5","5","Francia"
"2012-11-27 18:32:51","Movenpick","3","162","12","5","4","5","1","Olanda"
"2013-04-28 19:22:11","La Giocca","5","232","16","1","3","3","2","USA"
"2013-03-06 19:21:29","Boscolo Hotels","3","192","19","5","4","5","4","Spagna"
"2012-05-26 18:40:41","Magnola","2","62","5","1","3","2","5","UK"
"2013-07-16 19:13:36","Marriot","3","34","20","4","1","5","2","USA"
"2013-06-29 18:49:37","I Basiliani","5","255","14","3","4","5","2","Svezia"
"2012-09-06 19:19:44","Wool Street","5","15","15","3","4","3","1","Germania"
"2013-08-19 18:38:31","Centrale","3","140","6","3","4","4","1","Spagna"
"2012-06-10 18:39:43","Sheraton","5","177","17","5","2","1","1","Finlandia"
"2012-09-21 18:31:38","Western Bay","5","210","4","4","1","1","1","USA"
"2014-02-19 19:03:58","Radisson","3","290","1","2","5","5","1","Grecia"
"2013-11-16 18:39:29","Magnola","2","62","5","2","3","5","5","Finlandia"
"2013-03-27 19:14:36","Paradise","2","46","5","2","1","1","2","Olanda"
"2012-11-14 19:20:41","Cristallo","4","1","8","5","3","3","3","Spagna"
"2014-01-07 18:28:38","La Giocca","4","154","14","2","1","1","3","Francia"
"2013-09-16 18:26:35","Marriot","3","34","20","2","4","2","2","Finlandia"
"2013-10-01 19:00:19","Movenpick","3","162","12","5","3","1","3","Finlandia"
"2014-04-04 18:37:17","Holiday Inn","4","26","13","2","4","1","5","USA"
"2013-09-10 19:17:32","Western Bay","5","210","4","5","4","2","2","UK"
"2012-10-28 19:15:29","Palatino","2","298","4","3","4","1","4","Germania"
"2013-01-31 19:01:47","Accor Italia Hotels","2","288","7","3","4","1","2","Francia"
"2012-07-24 19:22:29","Paradiso di Arolo","3","169","15","1","1","3","5","Olanda"
"2013-06-22 18:50:15","Excelsior","2","110","6","2","2","5","4","Finlandia"
"2013-09-02 19:00:23","Una Hotels","3","194","10","2","5","5","3","Germania"
"2013-02-13 19:11:36","Garden","3","83","13","2","3","1","5","Germania"
"2013-09-25 18:40:40","Cristallo","3","25","14","4","4","3","4","Italia"
"2012-08-26 18:33:04","Western Bay","4","48","16","4","1","5","1","Finlandia"
"2013-09-29 18:50:39","Aurora","5","135","17","2","5","3","4","Spagna"
"2014-01-21 18:36:21","Accor Italia Hotels","2","288","7","3","3","2","5","Spagna"
"2013-06-07 19:01:09","Superior","4","162","12","5","2","3","5","USA"
"2013-12-25 18:36:57","Comfort Inn","4","280","2","1","1","4","3","Grecia"
"2013-05-28 18:54:19","Paradiso di Arolo","2","288","13","1","3","5","4","Svezia"
"2012-08-13 18:25:31","La locanda del Barone","4","16","10","4","5","5","3","Francia"
"2013-06-12 19:12:16","Belvedere","5","14","4","1","2","2","1","Francia"
"2013-05-31 19:07:16","Sheraton","2","16","2","1","2","3","4","USA"
"2014-04-09 18:43:13","Western Bay","3","145","2","4","3","4","4","Grecia"
"2013-07-02 18:36:32","Ritz Carlton","3","291","20","2","3","2","2","Svezia"
"2012-11-22 18:39:56","La locanda del Barone","3","223","17","1","5","1","4","UK"
"2013-03-02 19:17:40","La Giocca","5","232","16","5","3","1","4","USA"
"2013-11-07 18:45:45","Marriot","3","239","5","2","4","1","2","Finlandia"
"2014-03-03 18:53:47","Boscolo Hotels","2","280","17","4","5","2","4","UK"
"2014-04-20 19:19:23","Belvedere","5","149","3","1","4","3","2","Grecia"
"2012-12-18 19:04:35","Europa","4","206","17","4","1","1","3","Svezia"
"2013-11-12 19:10:51","Magnola","2","62","5","4","5","2","4","Grecia"
"2013-01-18 18:38:18","La Giocca","5","232","16","4","2","5","3","Olanda"
"2013-04-19 19:14:03","Ritz Carlton","3","211","9","4","1","1","5","Francia"
"2013-11-16 18:59:41","Paradiso di Arolo","3","169","15","4","3","3","1","Spagna"
"2013-11-27 18:45:20","Hilton","3","94","8","4","4","5","3","Olanda"
"2013-11-08 18:58:11","Holiday Inn","3","177","12","5","2","1","1","Italia"
"2013-10-28 18:26:45","Miramare","5","243","18","2","4","3","2","Italia"
"2013-09-28 18:50:36","Nord Nuova Roma","5","2","3","2","4","2","3","Germania"
"2012-11-06 18:50:11","Hilton","2","125","1","3","3","2","4","UK"
"2012-07-07 18:52:28","Accor Italia Hotels","5","262","5","5","1","2","1","Grecia"
"2013-12-14 18:29:01","Best Western","4","25","3","5","3","2","5","Svezia"
"2013-12-04 19:02:55","Boscolo Hotels","2","280","17","2","2","4","2","Spagna"
"2013-12-28 18:43:07","Comfort Inn","4","187","15","3","1","5","1","USA"
"2012-08-07 18:53:24","Park Hotel","4","220","12","4","3","4","1","Olanda"
"2013-08-21 18:31:29","Comfort Inn","5","102","4","3","1","2","5","USA"
"2013-02-25 18:36:29","Miramonti","2","182","12","4","5","1","2","Finlandia"
"2013-06-27 18:38:17","Nh Hotels","2","14","11","5","5","2","1","Italia"
"2013-06-21 18:31:29","Cristallo","2","125","2","2","3","3","2","Svezia"
"2014-02-28 18:26:46","Ritz Carlton","3","211","9","4","4","4","1","Finlandia"
"2013-02-24 18:32:29","Miramonti","2","182","12","2","3","3","5","USA"
"2013-01-13 18:46:40","Ritz Carlton","3","211","9","3","1","5","5","Svezia"
"2013-12-30 18:59:17","La Rocca","5","159","1","3","5","4","2","Germania"
"2013-08-02 18:48:14","Nord Nuova Roma","5","2","3","2","5","2","4","Svezia"
"2012-07-30 19:22:57","Boscolo Hotels","2","280","17","3","3","1","4","Olanda"
"2013-03-09 18:35:20","Hilton","2","125","1","3","1","1","1","Francia"
"2013-10-19 19:23:50","Wool Street","3","105","6","5","2","1","1","Germania"
"2012-08-19 19:10:51","Gugliel motel","2","103","1","3","1","2","2","Olanda"
"2012-05-03 18:35:36","Magnola","2","62","5","2","3","5","5","Italia"
"2013-09-24 18:46:18","Europa","3","131","3","4","3","3","4","Finlandia"
"2012-12-24 18:55:45","Piram","2","266","15","3","4","1","1","Finlandia"
"2012-09-09 18:29:09","Comfort Inn","5","102","4","3","1","3","1","Svezia"
"2012-07-23 18:28:09","La locanda del Barone","4","16","10","2","1","5","5","Svezia"
"2013-08-14 18:48:36","Excelsior","5","186","11","4","3","3","4","Italia"
"2014-02-05 18:54:33","Comfort Inn","4","280","2","3","4","5","5","Svezia"
"2014-04-02 19:15:34","Movenpick","5","100","16","2","5","5","5","UK"
"2013-08-27 18:57:28","Paradiso di Arolo","5","32","13","1","4","4","5","Italia"
"2012-09-10 19:11:48","Comfort Inn","5","102","4","2","3","2","2","Grecia"
"2012-12-14 19:03:45","OpenBB","5","245","1","2","3","4","1","USA"
"2012-06-18 19:22:40","Bellini","5","131","11","3","2","3","1","Spagna"
"2014-03-10 19:07:29","Marriot","3","34","20","5","1","1","2","USA"
"2014-03-14 19:03:53","Una Hotels","3","115","13","4","5","2","4","Svezia"
"2012-11-06 18:48:00","Sheraton","5","177","17","4","1","2","2","Finlandia"
"2013-07-15 19:22:09","Marriot","3","11","5","2","5","2","5","Olanda"
"2014-01-04 18:28:25","OpenBB","5","245","1","2","3","3","4","USA"
"2013-05-24 18:57:29","Eden","5","22","7","2","1","5","5","Grecia"
"2012-06-17 19:17:32","Accor Italia Hotels","5","262","5","3","1","2","2","Grecia"
"2012-08-11 18:43:11","Marriot","3","34","20","1","3","2","2","Germania"
"2013-06-29 19:02:07","Excelsior","5","186","11","4","4","1","4","USA"
"2014-01-05 19:22:51","Superior","4","60","5","1","4","5","3","Olanda"
"2013-09-25 19:17:28","Hilton","4","271","1","1","5","2","5","Olanda"
"2012-05-27 18:34:45","Accor Italia Hotels","4","172","12","3","2","3","3","Finlandia"
"2014-04-22 18:26:22","Best Western","5","160","9","4","5","2","2","Grecia"
"2012-06-11 19:23:08","Superior","4","60","5","3","2","5","5","Svezia"
"2012-05-13 19:02:29","La Rocca","5","159","1","2","1","5","5","Olanda"
"2013-12-10 18:36:28","Europa","3","131","3","4","5","4","3","UK"
"2013-11-29 18:30:20","Welcome","2","213","11","1","2","3","5","Svezia"
"2013-09-29 18:33:13","OpenBB","2","204","4","5","1","1","5","Spagna"
"2012-06-18 18:24:42","Miramonti","5","172","3","2","3","3","3","Grecia"
"2013-10-16 18:47:18","La Rocca","5","206","10","3","1","5","2","Grecia"
"2013-02-14 18:39:06","Radisson","3","290","1","3","1","4","3","Svezia"
"2014-03-20 19:22:19","Miramonti","2","182","12","3","3","1","3","Finlandia"
"2012-08-27 18:29:30","Western Bay","4","48","16","3","2","4","5","Olanda"
"2014-02-10 19:18:14","Bellini","5","131","11","2","4","2","5","Spagna"
"2013-06-23 18:52:40","Holiday Inn","4","26","13","1","1","3","1","Svezia"
"2013-05-09 18:39:34","Radisson","5","257","2","2","2","4","1","Germania"
"2014-03-11 19:23:36","Western Bay","4","48","16","4","4","1","4","Olanda"
"2014-03-01 19:04:32","Boscolo Hotels","2","280","17","4","4","3","5","Germania"
"2012-06-30 18:30:28","Miramonti","4","225","15","4","4","3","3","Francia"
"2014-03-27 19:15:27","I Basiliani","5","255","14","1","2","5","3","USA"
"2013-07-02 18:48:22","Una Hotels","3","115","13","4","1","4","5","Germania"
"2013-06-08 19:22:18","Grand Palace Hotel","4","277","6","4","4","3","1","Olanda"
"2013-12-29 18:37:53","Nord Nuova Roma","5","140","17","3","5","2","3","UK"
"2013-08-30 18:57:26","Europa","3","59","11","2","4","2","1","Grecia"
"2013-09-04 19:06:04","Palatino","3","240","18","3","5","2","2","Germania"
"2013-02-05 19:07:04","Cristallo","2","125","2","3","3","4","2","Finlandia"
"2014-04-15 18:35:57","Magnola","2","163","3","1","3","1","5","Francia"
"2013-12-16 18:53:20","HB Hotels","4","235","7","5","1","5","5","Finlandia"
"2012-08-02 18:41:49","Grand Palace Hotel","4","277","6","3","3","4","3","Francia"
"2013-03-07 18:46:31","Movenpick","3","162","12","4","4","3","5","UK"
"2013-06-02 18:30:55","HB Hotels","2","278","18","4","4","5","4","Francia"
"2012-12-26 19:16:00","Hilton","4","271","1","5","5","4","5","Spagna"
"2014-03-20 18:59:11","Holiday Inn","4","26","13","1","5","2","5","Olanda"
"2013-10-07 19:00:15","Belvedere","2","194","15","1","4","4","5","UK"
"2014-02-13 18:56:46","Hilton","4","271","1","3","5","2","4","USA"
"2013-02-19 18:30:14","Piram","5","142","17","2","2","1","5","Spagna"
"2013-09-10 18:24:43","Magnola","2","62","5","3","5","3","5","Germania"
"2012-06-06 18:40:41","Marriot","3","11","5","5","4","3","1","Svezia"
"2013-04-13 18:41:46","Welcome","2","27","5","4","3","3","4","Grecia"
"2014-04-16 18:31:52","OpenBB","2","60","19","3","1","3","3","USA"
"2013-05-27 19:00:10","Radisson","3","290","1","2","4","2","1","USA"
"2013-01-15 18:55:45","Movenpick","3","162","12","5","4","2","3","Spagna"
"2013-05-16 19:20:47","Sheraton","3","218","4","4","2","1","2","Finlandia"
"2013-01-12 18:37:44","Ranieri","3","226","3","2","5","2","4","Spagna"
"2012-06-15 18:39:55","Superior","4","60","5","4","2","5","1","Finlandia"
"2012-07-05 18:59:54","OpenBB","5","245","1","3","4","5","2","Spagna"
"2013-12-06 18:59:11","Boscolo Hotels","5","148","2","5","3","3","2","Francia"
"2012-08-12 19:07:45","Movenpick","3","162","12","1","3","2","3","Olanda"
"2013-04-26 19:14:28","La Rocca","5","159","1","5","3","2","3","Germania"
"2012-12-05 18:35:49","Nh Hotels","3","220","15","5","2","3","1","UK"
"2013-11-12 18:34:26","La locanda del Barone","4","16","10","2","1","3","3","Spagna"
"2012-10-28 18:35:25","Wool Street","5","15","15","5","2","4","5","Olanda"
"2014-03-31 18:49:46","Una Hotels","3","194","10","4","5","2","3","Italia"
"2013-08-14 19:08:37","Park Hotel","4","220","12","5","1","2","2","Grecia"
"2012-10-24 19:14:27","Excelsior","2","110","6","1","4","1","4","USA"
"2014-01-04 19:20:25","Accor Italia Hotels","2","288","7","2","4","4","5","Francia"
"2013-03-13 18:55:02","Paradise","2","46","5","5","4","4","3","Svezia"
"2013-11-25 19:04:57","Miramare","2","45","13","4","4","4","4","Italia"
"2013-09-11 18:52:47","Radisson","5","257","2","4","3","2","3","Francia"
"2012-05-21 18:52:58","Garden","5","138","4","1","3","5","3","Spagna"
"2012-05-04 18:42:17","Cristallo","4","1","8","4","2","4","2","Italia"
"2013-10-23 18:38:50","OpenBB","2","60","19","3","2","4","3","Spagna"
"2013-08-06 18:48:25","Comfort Inn","5","102","4","3","2","4","1","Grecia"
"2014-04-17 18:44:03","Belvedere","5","14","4","1","3","1","1","USA"
"2012-09-22 18:44:57","Sheraton","3","218","4","4","1","4","1","USA"
"2013-11-18 18:40:03","Excelsior","5","186","11","3","3","1","2","Grecia"
"2012-12-25 19:01:59","Sheraton","3","218","4","5","4","4","5","Spagna"
"2012-11-25 18:28:34","Radisson","3","290","1","5","5","1","3","Germania"
"2013-05-07 18:34:45","Excelsior","2","110","6","3","3","5","1","UK"
"2012-11-06 19:00:59","I Basiliani","5","255","14","3","4","5","2","Italia"
"2014-01-05 19:08:27","Ritz Carlton","3","214","14","5","4","2","5","Italia"
"2013-07-25 19:07:46","OpenBB","2","60","19","2","5","5","4","Olanda"
"2012-09-12 18:48:36","Hilton","4","271","1","4","1","5","2","Germania"
"2012-10-12 18:49:12","Garden","3","114","4","3","4","4","1","USA"
"2014-04-05 18:56:12","Sheraton","3","218","4","2","3","5","5","Svezia"
"2013-11-25 19:08:05","Marriot","3","239","5","5","3","4","3","Spagna"
"2012-09-06 19:01:29","Movenpick","4","200","10","2","5","2","5","Germania"
"2013-02-27 19:00:32","Ritz Carlton","3","214","14","3","1","4","2","Italia"
"2013-03-24 19:00:33","Le Meridien","3","114","9","1","2","2","2","Italia"
"2014-01-01 19:03:45","La locanda del Barone","4","16","10","1","5","4","2","Finlandia"
"2014-02-14 19:05:23","Palatino","5","279","16","3","3","1","3","Francia"
"2013-09-21 18:32:42","Europa","4","206","17","3","3","1","3","Svezia"
"2012-09-06 19:23:03","Paradiso di Arolo","2","288","13","2","5","1","5","USA"
"2013-04-10 19:09:52","Holiday Inn","4","26","13","5","4","4","5","Spagna"
"2013-03-01 18:52:20","Nord Nuova Roma","5","140","17","4","2","3","1","USA"
"2013-06-14 18:43:25","La locanda del Barone","5","39","18","3","4","4","1","Finlandia"
"2014-04-01 18:46:13","Wool Street","5","15","15","3","2","3","5","Germania"
"2013-05-23 19:21:29","Nh Hotels","5","57","20","5","5","2","2","Italia"
"2013-04-11 18:54:06","Europa","4","206","17","1","4","2","1","Spagna"
"2014-03-23 19:00:09","Palatino","3","240","18","3","4","5","1","Germania"
"2012-12-25 18:27:06","HB Hotels","2","278","18","5","2","3","5","Germania"
"2012-11-27 18:39:43","Aurora","5","4","17","1","4","3","3","USA"
"2013-05-28 18:58:35","Nh Hotels","3","220","15","4","1","2","3","Olanda"
"2013-08-18 19:21:54","Eden","3","281","6","5","3","2","1","Svezia"
"2013-02-22 18:58:28","Palatino","3","240","18","4","2","4","1","Germania"
"2013-11-20 19:01:58","OpenBB","2","60","19","3","2","5","5","USA"
"2012-07-31 18:56:33","Ritz Carlton","3","291","20","4","4","1","4","Francia"
"2013-08-23 18:48:33","Paradiso di Arolo","5","32","13","5","1","5","1","Svezia"
"2013-06-03 18:29:57","Park Hotel","4","274","1","2","2","4","2","Finlandia"
"2014-02-04 19:07:28","Le Meridien","3","114","9","1","5","3","2","Germania"
"2012-06-15 18:52:41","Welcome","3","3","19","3","2","3","5","Germania"
"2012-12-05 18:34:00","Radisson","4","205","10","1","3","4","2","UK"
"2012-07-31 18:43:14","OpenBB","2","204","4","5","3","1","4","Germania"
"2012-06-27 18:44:02","Radisson","5","257","2","3","5","3","2","Svezia"
"2012-06-04 18:53:33","Europa","3","131","3","3","4","2","3","USA"
"2012-10-27 18:28:52","Bellini","2","177","7","3","5","4","2","Francia"
"2012-05-09 18:50:24","Movenpick","4","200","10","5","3","4","1","USA"
"2013-11-04 18:45:57","Sheraton","2","16","2","2","3","4","4","Finlandia"
"2014-04-14 18:34:11","Palatino","2","298","4","2","3","2","5","Italia"
"2014-01-29 19:00:44","Magnola","2","163","3","3","4","5","2","Francia"
"2013-02-10 19:00:47","Cristallo","4","1","8","2","5","4","5","Finlandia"
"2013-08-08 19:12:20","Centrale","3","43","12","2","2","1","1","Olanda"
"2013-03-28 19:21:13","Eden","4","122","9","4","2","3","4","Finlandia"
"2013-09-22 18:56:36","Boscolo Hotels","2","280","17","2","3","3","3","Germania"
"2012-09-28 18:54:20","Nord Nuova Roma","3","51","18","1","3","4","1","Finlandia"
"2012-12-13 18:58:40","Nh Hotels","3","220","15","2","2","2","3","Finlandia"
"2012-10-25 19:16:28","Miramare","5","243","18","5","5","1","5","Svezia"
"2013-05-07 18:27:21","Park Hotel","4","220","12","5","4","2","5","Olanda"
"2014-01-06 18:35:35","Movenpick","4","200","10","5","5","3","5","Francia"
"2014-02-08 18:26:45","Eden","5","22","7","2","5","1","3","Finlandia"
"2012-06-14 19:09:00","Gugliel motel","4","12","20","2","1","2","3","Germania"
"2013-02-07 19:11:42","Park Hotel","4","220","12","2","5","5","4","Spagna"
"2013-09-26 19:11:48","Marriot","3","34","20","1","5","4","4","Grecia"
"2014-04-23 18:31:51","Gugliel motel","4","12","20","4","4","5","1","Francia"
"2012-12-06 18:27:26","Cristallo","4","1","8","4","1","3","5","Italia"
"2013-02-08 19:17:53","Nord Nuova Roma","3","51","18","3","4","2","5","Germania"
"2012-05-19 18:46:49","Gugliel motel","4","201","14","4","3","5","3","Italia"
"2012-07-23 18:31:27","I Basiliani","2","191","16","3","2","5","4","Olanda"
"2014-04-20 18:43:18","Le Meridien","3","114","9","5","3","4","1","Olanda"
"2013-07-25 18:40:12","Park Hotel","5","192","16","1","2","4","3","Olanda"
"2013-09-26 19:13:12","Garden","3","83","13","3","1","2","3","Italia"
"2013-03-01 19:11:57","Bellini","2","177","7","4","2","5","5","Finlandia"
"2013-05-17 18:54:03","Le Meridien","3","114","9","5","5","1","3","Germania"
"2012-08-20 19:10:51","Miramonti","5","172","3","3","1","2","3","Grecia"
"2013-04-28 19:04:48","Paradise","2","197","4","2","1","5","5","Finlandia"
"2013-03-03 19:23:46","Sheraton","5","177","17","1","2","3","5","Francia"
"2014-04-29 18:54:27","Una Hotels","3","194","10","1","5","3","2","Italia"
"2013-09-17 18:54:05","Western Bay","4","48","16","2","1","1","4","USA"
"2012-07-28 19:06:31","Nh Hotels","5","57","20","2","1","4","5","Svezia"
"2012-07-19 18:34:54","Best Western","4","285","4","3","2","3","1","Olanda"
"2012-11-26 19:13:43","Europa","4","206","17","3","3","5","2","Finlandia"
"2013-12-20 18:27:37","Excelsior","2","110","6","3","4","4","4","Italia"
"2013-11-21 19:22:25","Una Hotels","3","194","10","1","4","4","4","Spagna"
"2014-04-17 18:57:39","Superior","4","60","5","1","5","3","3","Finlandia"
"2013-11-18 18:42:07","Cristallo","3","25","14","2","4","5","2","Grecia"
"2012-06-15 19:06:33","Belvedere","5","149","3","3","2","1","2","Francia"
"2013-12-01 18:50:07","Movenpick","3","162","12","3","3","3","1","Svezia"
"2013-08-29 18:55:29","Ritz Carlton","3","291","20","3","3","2","5","Olanda"
"2012-05-28 18:37:57","Miramonti","2","182","12","4","3","1","2","UK"
"2013-01-18 18:37:12","Movenpick","5","100","16","1","3","3","2","UK"
"2013-06-01 18:43:44","Europa","3","131","3","2","5","2","5","UK"
"2013-10-19 18:39:17","Eden","3","281","6","3","3","4","2","Grecia"
"2014-02-18 18:59:34","Eden","4","122","9","3","4","5","1","Grecia"
"2013-08-11 18:26:10","Belvedere","2","194","15","2","3","3","3","Olanda"
"2012-06-16 18:32:04","Belvedere","5","14","4","5","4","2","3","Francia"
"2013-06-28 19:01:57","Miramonti","2","182","12","3","1","1","2","Italia"
"2013-05-10 18:33:50","Piram","5","142","17","2","2","3","4","Germania"
"2012-12-17 18:35:02","Sheraton","5","177","17","4","1","3","5","Italia"
"2013-05-21 18:41:26","Boscolo Hotels","2","280","17","2","2","3","1","Svezia"
"2013-05-01 18:36:01","Gugliel motel","4","12","20","5","5","5","4","Grecia"
"2012-10-22 19:13:39","Nh Hotels","2","14","11","4","2","5","3","Grecia"
"2013-08-15 19:16:26","Comfort Inn","5","102","4","5","3","4","3","USA"
"2013-01-19 18:51:45","Holiday Inn","3","177","12","3","3","2","2","Grecia"
"2012-04-30 18:25:23","Sheraton","2","16","2","3","5","2","4","USA"
"2013-07-05 18:41:27","Wool Street","5","15","15","2","3","2","4","USA"
"2013-08-08 19:22:07","Excelsior","4","58","16","5","5","4","1","UK"
"2013-07-20 19:20:11","Ranieri","2","241","16","4","1","1","5","Svezia"
"2012-06-25 18:44:36","OpenBB","2","60","19","4","3","2","2","UK"
"2014-03-07 18:38:12","Centrale","2","108","9","1","2","3","4","Olanda"
"2012-06-06 18:27:10","Cristallo","4","1","8","5","1","1","1","Francia"
"2013-08-15 18:47:54","Eden","4","122","9","3","2","2","3","Grecia"
"2013-12-29 19:17:53","I Basiliani","2","191","16","2","1","4","3","Olanda"
"2014-01-15 18:24:46","Miramare","5","243","18","1","3","1","2","Spagna"
"2013-04-05 18:30:18","OpenBB","2","204","4","2","3","4","5","Olanda"
"2014-02-20 19:10:07","Western Bay","3","145","2","3","3","2","1","Italia"
"2013-08-26 18:53:16","Boscolo Hotels","2","280","17","3","4","5","2","Grecia"
"2012-11-03 19:16:01","Comfort Inn","5","102","4","5","1","4","1","Svezia"
"2013-06-28 19:10:08","Le Meridien","3","114","9","3","1","1","2","Grecia"
"2012-09-21 18:36:49","Una Hotels","4","58","7","4","1","4","2","Italia"
"2013-07-24 19:16:34","Excelsior","5","186","11","3","4","5","4","Olanda"
"2013-02-02 18:56:01","Best Western","4","25","3","2","3","3","2","Germania"
"2013-06-23 19:15:37","Hilton","2","125","1","3","2","3","2","Italia"
"2013-05-09 18:34:37","Nord Nuova Roma","3","51","18","3","2","2","2","Svezia"
"2012-12-04 18:42:57","Bellini","5","131","11","2","3","2","4","Francia"
"2013-09-24 18:32:20","Eden","3","281","6","3","2","3","1","Spagna"
"2014-04-06 18:57:15","Accor Italia Hotels","4","172","12","4","2","1","2","Spagna"
"2013-02-20 18:41:01","Grand Palace Hotel","3","73","17","2","3","4","4","Germania"
"2013-06-05 19:10:07","Bellini","5","241","8","1","5","4","1","Grecia"
"2013-05-19 18:46:47","Le Meridien","3","64","7","1","3","2","2","Francia"
"2013-01-13 19:12:52","Miramonti","5","172","3","1","3","5","1","Italia"
"2013-03-09 19:13:57","Park Hotel","5","192","16","4","1","4","5","Grecia"
"2013-03-23 18:26:14","I Basiliani","2","28","11","3","5","4","5","Olanda"
"2012-08-28 19:03:00","Palatino","5","279","16","4","2","3","1","Finlandia"
"2012-07-23 18:45:02","Nh Hotels","5","57","20","2","4","1","5","USA"
"2013-09-23 19:10:55","Superior","4","60","5","4","2","2","4","Svezia"
"2013-03-03 19:02:25","Sheraton","5","177","17","2","2","4","5","Svezia"
"2013-10-20 18:29:15","HB Hotels","4","235","7","5","4","4","3","Francia"
"2013-11-26 19:07:58","Una Hotels","3","115","13","5","2","2","1","Germania"
"2013-08-18 18:40:05","Miramare","3","110","10","3","1","5","5","Svezia"
"2014-02-26 18:38:37","Centrale","3","140","6","1","2","1","4","Finlandia"
"2012-06-13 19:06:58","Europa","4","206","17","3","4","5","3","Svezia"
"2013-10-27 19:21:57","Grand Palace Hotel","2","236","11","2","4","4","3","Grecia"
"2013-08-23 19:18:42","Park Hotel","4","274","1","5","4","5","5","Italia"
"2012-05-07 19:06:19","Nh Hotels","5","57","20","3","2","5","3","Francia"
"2014-01-26 18:30:21","Radisson","4","205","10","2","2","3","5","Italia"
"2013-05-16 18:33:51","Palatino","3","240","18","2","4","4","5","UK"
"2013-10-25 18:36:46","Ranieri","3","164","7","4","1","5","4","Olanda"
"2013-02-27 18:43:38","Palatino","5","279","16","2","2","5","2","USA"
"2013-06-17 18:54:03","Hilton","2","125","1","3","4","5","4","Olanda"
"2012-11-19 19:23:12","Marriot","3","34","20","5","5","4","5","Germania"
"2013-05-29 18:25:25","Welcome","3","3","19","3","4","3","4","Finlandia"
"2013-09-11 19:03:01","Holiday Inn","4","141","19","3","3","3","2","Finlandia"
"2013-10-08 18:43:23","Piram","5","142","17","5","5","1","1","Francia"
"2013-09-27 18:25:51","Bellini","2","177","7","1","1","2","1","Spagna"
"2012-12-31 19:12:43","Superior","4","162","12","5","5","2","1","Grecia"
"2012-08-28 18:37:07","Piram","2","266","15","2","2","2","5","Italia"
"2013-11-11 18:33:39","Radisson","3","290","1","5","3","1","3","Francia"
"2013-06-15 19:05:23","Le Meridien","3","64","7","3","3","3","2","Svezia"
"2013-09-25 19:36:43","Excelsior","5","186","11","4","1","5","2","Italia"
"2014-01-03 19:40:02","Le Meridien","3","64","7","5","3","1","5","Germania"
"2013-08-24 19:20:41","Radisson","4","205","10","4","2","2","2","Spagna"
"2013-05-19 19:40:30","I Basiliani","2","191","16","1","5","5","2","Grecia"
"2012-10-25 19:50:03","Comfort Inn","4","187","15","2","1","1","5","UK"
"2012-05-21 19:47:05","Una Hotels","3","194","10","2","1","5","4","Svezia"
"2012-09-14 19:49:19","Una Hotels","4","58","7","3","1","4","3","UK"
"2013-11-24 18:59:55","Bellini","5","131","11","2","1","3","5","Svezia"
"2013-10-01 19:12:31","Gugliel motel","4","201","14","1","3","5","3","Italia"
"2013-11-05 19:09:58","Centrale","3","140","6","3","1","2","3","Francia"
"2014-03-04 19:54:05","Eden","4","122","9","3","1","3","5","Francia"
"2012-07-19 19:01:51","Magnola","3","202","19","3","1","4","4","Germania"
"2013-12-07 19:28:56","Park Hotel","5","192","16","2","4","3","1","Italia"
"2012-07-23 19:22:23","Accor Italia Hotels","2","288","7","4","1","1","3","Italia"
"2013-02-24 19:52:21","Le Meridien","5","189","1","5","3","1","2","Finlandia"
"2013-08-31 19:37:33","Magnola","3","202","19","1","2","3","3","Olanda"
"2013-02-20 19:13:35","Ritz Carlton","3","211","9","5","1","5","5","Svezia"
"2013-09-02 19:18:10","Europa","4","206","17","4","1","3","5","Francia"
"2013-08-20 19:07:25","Sheraton","5","177","17","5","2","1","1","UK"
"2013-12-29 19:49:13","La Giocca","3","275","12","3","1","5","2","Spagna"
"2013-11-24 19:31:54","Superior","4","162","12","4","3","1","4","Finlandia"
"2013-08-09 19:47:49","Centrale","2","108","9","4","2","4","5","Francia"
"2014-04-02 19:44:48","Magnola","2","62","5","2","2","1","1","USA"
"2013-11-18 19:14:21","Miramonti","4","225","15","1","5","5","2","Olanda"
"2012-11-12 19:07:53","Excelsior","4","58","16","3","3","3","4","USA"
"2012-06-11 19:58:49","La Giocca","3","275","12","3","4","5","2","Italia"
"2013-12-11 19:47:46","Miramonti","4","225","15","2","5","5","3","USA"
"2013-04-10 19:50:24","Cristallo","4","1","8","2","2","4","2","USA"
"2013-03-16 18:59:11","Ritz Carlton","3","214","14","4","1","4","2","Olanda"
"2013-02-24 19:20:07","Radisson","3","290","1","4","3","2","5","Finlandia"
"2013-03-14 19:51:07","Piram","5","142","17","4","2","3","4","Germania"
"2013-04-29 19:03:30","I Basiliani","2","191","16","1","4","4","3","Spagna"
"2013-05-22 19:47:23","Magnola","3","202","19","4","5","2","2","Francia"
"2012-08-18 19:40:19","Wool Street","2","58","17","1","5","2","4","Svezia"
"2013-01-06 19:58:59","Movenpick","3","162","12","4","3","3","1","Olanda"
"2012-09-15 19:16:13","Marriot","3","34","20","2","4","1","5","Germania"
"2013-07-14 19:41:31","Palatino","5","279","16","3","5","4","4","Grecia"
"2013-06-30 19:11:17","Holiday Inn","4","141","19","3","2","5","4","USA"
"2013-01-04 19:24:06","Europa","4","206","17","2","4","4","2","Grecia"
"2014-01-26 19:45:36","Magnola","3","202","19","3","3","5","4","Francia"
"2012-04-30 19:26:53","Piram","5","142","17","2","3","3","2","Germania"
"2012-09-11 19:35:02","Cristallo","4","1","8","2","5","4","2","Finlandia"
"2013-03-15 19:53:22","Marriot","3","11","5","3","5","2","1","UK"
"2013-02-17 19:55:42","Comfort Inn","4","280","2","1","5","5","2","Grecia"
"2013-07-13 19:15:36","Palatino","2","298","4","3","5","5","5","Grecia"
"2012-10-10 19:06:56","Palatino","5","279","16","1","4","1","3","USA"
"2012-11-02 19:58:33","Palatino","3","240","18","1","2","1","5","Francia"
"2014-03-10 19:51:43","Cristallo","2","125","2","5","4","4","2","Spagna"
"2013-09-28 19:49:52","Le Meridien","3","64","7","2","1","3","3","Grecia"
"2013-08-07 19:51:53","Eden","4","122","9","1","1","2","2","Spagna"
"2014-04-17 19:34:20","Miramare","3","110","10","4","3","1","4","Svezia"
"2012-11-21 19:22:23","OpenBB","2","60","19","2","2","2","1","Francia"
"2013-05-30 19:56:50","Movenpick","3","162","12","1","5","5","5","Finlandia"
"2013-02-12 19:04:45","Wool Street","3","105","6","1","1","2","5","Svezia"
"2013-10-02 19:03:14","Comfort Inn","5","102","4","4","2","4","4","UK"
"2013-05-04 19:27:27","Sheraton","5","177","17","1","4","5","5","Spagna"
"2013-03-24 19:14:44","Palatino","3","240","18","5","1","5","2","Italia"
"2012-06-23 19:35:45","Centrale","3","140","6","5","1","5","2","Italia"
"2012-06-19 19:33:35","Ranieri","3","164","7","5","5","2","3","Germania"
"2012-06-04 19:21:23","Sheraton","2","16","2","2","1","3","4","Spagna"
"2014-03-11 19:47:12","Ritz Carlton","3","291","20","4","3","1","4","Francia"
"2012-07-22 19:56:19","Grand Palace Hotel","4","277","6","2","3","3","4","UK"
"2013-07-20 19:00:17","Ranieri","2","241","16","1","2","3","1","Germania"
"2013-06-06 19:43:36","Paradiso di Arolo","5","32","13","2","4","5","5","Germania"
"2013-10-05 19:04:46","Gugliel motel","2","103","1","2","3","1","5","Grecia"
"2014-01-05 19:54:37","Holiday Inn","4","26","13","1","3","3","2","Germania"
"2014-02-02 19:19:21","Ritz Carlton","3","291","20","4","3","3","1","Francia"
"2013-09-01 19:08:18","Piram","3","182","9","1","3","3","1","Svezia"
"2012-09-02 19:46:47","Una Hotels","3","115","13","4","5","4","5","Spagna"
"2013-12-18 19:26:21","Garden","5","138","4","5","3","2","4","Grecia"
"2012-10-29 19:58:49","HB Hotels","4","268","3","3","3","2","2","Spagna"
"2013-09-09 19:03:50","Radisson","4","205","10","1","1","4","4","Italia"
"2012-10-23 19:42:25","Radisson","3","290","1","2","2","5","5","Grecia"
"2013-12-04 19:04:34","Holiday Inn","4","26","13","5","3","2","1","Olanda"
"2013-05-24 19:44:02","Nord Nuova Roma","3","51","18","1","1","4","2","UK"
"2014-03-30 19:03:51","La Rocca","3","112","4","3","4","2","3","USA"
"2014-03-01 19:32:15","Sheraton","5","177","17","3","1","1","3","Italia"
"2012-12-15 19:18:58","Excelsior","2","110","6","5","5","5","1","Germania"
"2012-05-17 19:31:50","Marriot","3","34","20","4","5","2","4","Finlandia"
"2014-01-28 19:43:21","Palatino","2","298","4","2","2","4","3","Svezia"
"2012-05-01 19:45:50","Comfort Inn","4","280","2","1","3","3","1","Olanda"
"2012-12-14 19:44:19","Una Hotels","3","115","13","5","4","4","4","Italia"
"2013-10-10 19:13:44","Welcome","3","3","19","2","2","2","5","Spagna"
"2013-06-02 19:47:24","Aurora","5","135","17","3","4","1","3","Finlandia"
"2012-07-14 19:35:18","I Basiliani","2","191","16","1","2","4","4","Spagna"
"2013-06-22 19:33:03","Radisson","3","290","1","5","5","1","5","Francia"
"2014-03-15 19:47:37","Magnola","2","62","5","3","3","2","2","USA"
"2013-11-17 19:15:10","Ritz Carlton","3","291","20","2","2","3","3","Grecia"
"2013-05-01 19:31:46","Europa","3","59","11","1","5","2","4","UK"
"2012-10-06 19:53:31","Ritz Carlton","3","291","20","2","4","5","2","Italia"
"2014-01-03 19:37:20","Grand Palace Hotel","4","277","6","4","5","5","4","USA"
"2014-03-25 19:24:14","Park Hotel","4","274","1","4","2","3","3","Grecia"
"2013-11-26 19:17:54","Piram","3","182","9","5","3","2","5","Finlandia"
"2013-04-13 19:35:43","Miramonti","2","182","12","2","2","4","3","Spagna"
"2013-03-13 19:13:10","OpenBB","5","245","1","1","1","2","4","Grecia"
"2012-09-22 19:11:05","La locanda del Barone","4","16","10","3","3","3","3","Olanda"
"2012-05-29 19:09:43","La locanda del Barone","5","39","18","2","2","2","4","Spagna"
"2014-03-25 19:40:39","Cristallo","4","1","8","3","4","4","4","Spagna"
"2012-05-04 19:25:23","Eden","5","22","7","1","2","5","3","Francia"
"2014-01-22 19:10:04","Piram","5","142","17","5","3","5","1","Grecia"
"2014-03-02 19:39:19","Accor Italia Hotels","5","262","5","2","4","5","2","Spagna"
"2013-10-13 19:49:49","Magnola","2","62","5","3","4","1","3","Francia"
"2013-08-29 19:04:00","Comfort Inn","4","187","15","3","1","2","5","Olanda"
"2014-01-11 19:05:10","Holiday Inn","4","26","13","3","3","2","4","Spagna"
"2014-04-01 19:38:53","HB Hotels","4","235","7","4","1","2","2","USA"
"2012-09-29 19:03:09","Accor Italia Hotels","2","288","7","5","2","1","5","Francia"
"2014-04-04 19:51:36","OpenBB","5","245","1","1","5","1","3","UK"
"2013-11-08 19:09:19","Paradiso di Arolo","5","32","13","5","1","1","1","Spagna"
"2014-02-15 19:58:06","Radisson","5","257","2","4","4","1","3","Francia"
"2013-04-16 19:00:47","Una Hotels","3","115","13","4","4","2","3","Francia"
"2013-08-30 19:18:46","La Giocca","5","232","16","4","1","2","4","Italia"
"2013-02-13 19:42:51","La Giocca","4","154","14","5","5","5","1","Olanda"
"2013-03-08 19:08:54","Grand Palace Hotel","2","236","11","2","4","2","5","Francia"
"2013-10-06 19:51:20","Cristallo","2","125","2","1","2","5","4","Finlandia"
"2014-01-18 19:47:19","La Rocca","5","159","1","2","3","4","1","UK"
"2013-09-05 19:37:01","Europa","3","131","3","5","4","4","1","Svezia"
"2013-08-21 19:30:33","Ritz Carlton","3","211","9","4","2","1","1","UK"
"2013-07-19 19:55:34","Bellini","2","177","7","4","4","5","4","UK"
"2013-01-04 19:06:17","Holiday Inn","3","177","12","3","5","5","1","Grecia"
"2012-05-14 19:10:43","Nh Hotels","3","220","15","3","5","3","4","Italia"
"2014-03-10 19:17:16","I Basiliani","2","191","16","5","4","1","3","Finlandia"
"2013-12-17 19:51:10","OpenBB","2","204","4","5","2","5","4","Olanda"
"2012-07-22 19:40:51","Holiday Inn","4","141","19","1","4","5","4","UK"
"2013-01-13 19:02:24","Eden","3","281","6","3","5","5","1","Italia"
"2012-12-31 19:09:34","Una Hotels","4","58","7","2","5","5","2","USA"
"2013-06-29 19:11:24","HB Hotels","2","278","18","3","2","3","4","Spagna"
"2014-04-14 19:35:50","Una Hotels","3","115","13","3","5","2","2","Grecia"
"2012-08-24 19:19:07","I Basiliani","5","255","14","5","1","4","3","Francia"
"2014-03-05 19:03:47","Marriot","3","239","5","1","5","2","1","USA"
"2012-08-28 19:31:43","Ranieri","3","164","7","4","5","5","5","Spagna"
"2012-11-17 19:55:26","Gugliel motel","4","201","14","3","4","3","5","Olanda"
"2012-07-27 19:40:40","Le Meridien","3","114","9","2","1","4","1","Germania"
"2014-04-12 19:44:27","Hilton","3","94","8","3","1","2","5","Germania"
"2012-07-07 19:01:59","Eden","5","22","7","1","2","3","1","USA"
"2012-12-03 19:52:34","Eden","3","281","6","1","1","4","1","Finlandia"
"2013-01-27 19:14:37","Excelsior","2","110","6","2","1","2","5","Italia"
"2013-03-06 19:35:55","Bellini","5","241","8","5","1","4","2","Germania"
"2013-05-01 18:59:10","Grand Palace Hotel","2","236","11","4","5","4","2","Grecia"
"2013-11-13 19:10:28","Radisson","4","205","10","1","2","5","5","Francia"
"2013-01-28 19:45:15","OpenBB","5","245","1","5","1","4","3","Svezia"
"2012-12-01 19:09:13","Nh Hotels","5","57","20","4","3","1","3","Finlandia"
"2014-03-20 19:16:44","Ranieri","3","226","3","3","2","1","5","Germania"
"2014-04-22 19:35:26","Sheraton","5","177","17","3","4","3","1","UK"
"2013-04-29 19:22:47","Belvedere","5","14","4","1","3","5","1","Germania"
"2014-01-02 19:28:34","Superior","4","60","5","2","1","5","3","Francia"
"2013-06-15 19:44:51","Eden","3","281","6","1","1","1","5","Spagna"
"2014-03-13 19:53:12","Excelsior","4","58","16","3","5","5","5","Spagna"
"2013-03-15 19:08:32","Hilton","4","271","1","2","4","4","4","Finlandia"
"2013-02-21 19:54:06","Nord Nuova Roma","5","2","3","2","3","3","1","Finlandia"
"2014-02-09 19:38:45","Nord Nuova Roma","5","2","3","1","5","1","3","Olanda"
"2013-07-17 19:20:36","Holiday Inn","4","26","13","1","5","2","4","Finlandia"
"2014-04-14 19:14:18","Superior","4","162","12","4","2","4","4","Grecia"
"2012-09-18 19:11:32","Bellini","5","241","8","4","1","5","2","Italia"
"2012-05-10 19:48:56","Welcome","2","213","11","2","1","4","3","Grecia"
"2013-07-22 19:06:35","Piram","2","266","15","1","5","4","1","Finlandia"
"2013-12-25 19:45:18","Magnola","3","202","19","3","3","5","5","Spagna"
"2013-05-14 19:55:21","Best Western","5","160","9","5","5","1","1","Svezia"
"2013-07-15 19:49:44","I Basiliani","2","28","11","5","5","2","1","Grecia"
"2013-12-28 18:59:35","Nord Nuova Roma","5","140","17","5","1","5","5","Olanda"
"2013-06-14 19:24:36","Movenpick","3","162","12","1","4","2","4","Italia"
"2013-06-06 19:00:25","Palatino","2","298","4","1","1","3","4","USA"
"2014-02-19 19:42:18","Aurora","2","121","2","1","2","1","4","Germania"
"2012-07-17 19:09:40","HB Hotels","2","278","18","2","5","3","3","Grecia"
"2013-07-31 19:00:05","Piram","5","142","17","4","3","1","5","Francia"
"2013-08-22 19:07:19","Paradiso di Arolo","2","288","13","4","4","2","4","UK"
"2013-01-02 19:18:27","Holiday Inn","3","177","12","1","2","3","5","Olanda"
"2014-01-13 19:05:08","Holiday Inn","4","26","13","3","2","4","5","UK"
"2012-07-28 19:26:16","Miramare","3","110","10","4","3","4","3","Italia"
"2013-09-13 19:30:37","Aurora","5","4","17","5","4","2","2","Francia"
"2013-06-23 19:47:56","Ritz Carlton","3","211","9","3","1","3","2","Italia"
"2013-06-25 19:55:40","Radisson","3","290","1","3","3","1","3","USA"
"2012-09-03 19:23:29","Bellini","2","177","7","3","3","5","2","Germania"
"2013-05-23 19:00:36","Gugliel motel","2","103","1","3","3","3","3","Francia"
"2013-11-10 19:43:58","Piram","5","142","17","5","5","5","1","Francia"
"2012-11-06 19:12:57","Belvedere","5","14","4","5","1","2","4","Spagna"
"2012-10-04 19:24:34","La Rocca","5","159","1","2","4","5","2","Olanda"
"2012-07-14 19:54:46","Western Bay","3","145","2","3","3","1","5","USA"
"2013-07-11 19:18:58","Piram","5","142","17","3","2","4","3","Germania"
"2012-08-16 19:44:54","Garden","3","83","13","3","5","3","1","Olanda"
"2013-10-10 19:42:13","Piram","3","182","9","4","3","1","3","Finlandia"
"2012-07-30 19:26:11","Le Meridien","3","114","9","2","2","5","3","Finlandia"
"2012-05-01 19:57:17","Ritz Carlton","3","211","9","2","2","4","3","Svezia"
"2014-01-05 19:23:39","Centrale","3","43","12","2","4","5","3","Svezia"
"2014-02-20 19:16:05","Nh Hotels","3","220","15","5","3","5","5","Finlandia"
"2013-01-04 19:20:14","Gugliel motel","2","103","1","5","2","4","3","Svezia"
"2014-01-25 19:22:12","HB Hotels","4","235","7","4","3","5","3","Italia"
"2013-07-23 19:48:17","Una Hotels","3","115","13","1","3","1","3","Svezia"
"2012-05-03 19:45:39","Centrale","3","43","12","4","1","4","4","Finlandia"
"2013-12-28 19:52:54","Cristallo","3","25","14","2","4","2","4","USA"
"2013-09-24 19:46:59","Nord Nuova Roma","3","51","18","2","2","4","5","Svezia"
"2013-08-12 19:29:01","Cristallo","4","1","8","1","2","4","4","UK"
"2012-08-10 19:09:38","Superior","4","162","12","3","2","3","5","Svezia"
"2014-01-28 19:23:27","Cristallo","4","1","8","3","2","2","3","USA"
"2012-10-10 19:15:36","Belvedere","5","14","4","2","3","5","1","Svezia"
"2013-08-21 19:29:07","Grand Palace Hotel","4","277","6","4","5","2","4","Grecia"
"2013-01-11 19:14:16","Ranieri","3","226","3","2","5","4","5","Svezia"
"2012-08-15 19:57:27","HB Hotels","4","235","7","3","3","5","4","USA"
"2013-12-14 19:01:57","Ranieri","3","164","7","2","3","5","4","Italia"
"2013-11-25 19:45:38","Bellini","5","241","8","1","4","5","3","USA"
"2013-06-28 19:23:30","Miramonti","5","172","3","2","1","2","4","Spagna"
"2012-08-10 19:44:47","Accor Italia Hotels","4","172","12","5","2","2","1","Olanda"
"2013-05-05 19:53:52","Excelsior","2","110","6","4","3","4","3","Olanda"
"2013-05-09 19:37:49","Superior","4","60","5","4","5","1","2","Finlandia"
"2012-10-25 19:43:13","Ritz Carlton","3","211","9","4","5","3","5","Spagna"
"2013-02-26 19:24:21","Accor Italia Hotels","5","262","5","1","2","5","4","USA"
"2014-04-23 19:11:32","Sheraton","2","16","2","1","3","2","2","Grecia"
"2014-03-22 19:26:13","Eden","4","122","9","1","5","2","2","Francia"
"2013-02-06 19:36:45","La Giocca","4","154","14","3","5","2","3","Germania"
"2014-03-20 19:47:07","Gugliel motel","2","103","1","1","2","1","3","Finlandia"
"2013-02-08 19:01:59","Palatino","2","298","4","5","5","4","3","Svezia"
"2013-09-18 19:11:26","Radisson","5","257","2","4","1","2","2","Finlandia"
"2013-08-24 19:43:56","Eden","5","22","7","2","4","1","4","Svezia"
"2012-09-04 19:48:17","Superior","4","162","12","2","2","1","4","Germania"
"2012-08-29 19:55:30","Best Western","5","160","9","1","2","4","2","Svezia"
"2014-03-11 19:05:00","La locanda del Barone","5","39","18","4","1","3","3","Olanda"
"2012-07-25 19:53:32","Boscolo Hotels","3","192","19","4","5","1","3","Spagna"
"2013-01-10 19:34:57","Miramonti","4","225","15","4","2","3","2","UK"
"2012-10-30 19:38:21","Europa","3","131","3","5","2","4","5","Olanda"
"2012-08-08 19:37:19","Superior","4","162","12","5","5","1","2","Svezia"
"2012-09-28 19:36:32","Wool Street","2","58","17","1","5","2","2","Francia"
"2013-05-27 19:58:09","Marriot","3","34","20","4","3","5","5","Francia"
"2012-06-03 19:17:43","Excelsior","4","58","16","5","3","1","4","Grecia"
"2012-06-15 19:46:11","La Giocca","4","154","14","4","4","5","1","Germania"
"2014-02-13 19:04:32","Movenpick","4","200","10","4","3","1","3","Finlandia"
"2013-06-22 19:15:03","Miramare","3","110","10","5","4","5","1","Finlandia"
"2012-05-03 19:04:48","Garden","3","114","4","2","4","2","2","Spagna"
"2013-09-15 19:00:14","Aurora","2","121","2","5","2","1","2","Italia"
"2013-07-19 19:51:11","Wool Street","3","105","6","1","3","3","1","Finlandia"
"2013-11-25 19:00:25","Belvedere","5","149","3","1","5","3","5","Francia"
"2012-06-22 19:08:34","Welcome","2","213","11","2","5","5","2","USA"
"2014-03-23 19:36:35","La locanda del Barone","5","39","18","2","2","2","3","Olanda"
"2013-06-29 19:25:22","OpenBB","5","245","1","1","3","2","3","Italia"
"2013-01-07 19:06:02","Marriot","3","11","5","3","5","5","1","Spagna"
"2012-06-05 19:03:22","La Rocca","5","206","10","3","5","5","1","Spagna"
"2012-05-30 19:05:30","Comfort Inn","5","102","4","2","5","3","5","Germania"
"2014-04-22 19:49:56","Grand Palace Hotel","3","73","17","3","5","4","3","Olanda"
"2013-04-25 19:44:50","Radisson","5","257","2","1","4","2","1","Olanda"
"2012-12-18 19:39:39","Paradise","4","42","7","5","1","3","1","Italia"
"2012-07-05 19:26:26","Hilton","4","271","1","3","1","2","3","USA"
"2013-12-24 19:57:57","Ritz Carlton","3","211","9","3","4","3","3","Olanda"
"2013-01-10 19:26:33","Cristallo","3","25","14","2","4","1","4","Italia"
"2013-09-26 19:16:07","Accor Italia Hotels","2","288","7","4","2","3","3","Svezia"
"2013-10-12 19:10:24","Ritz Carlton","3","291","20","1","1","5","5","Germania"
"2014-01-05 19:30:53","Aurora","2","121","2","4","4","5","5","Francia"
"2014-02-22 19:54:10","Centrale","2","108","9","3","2","3","3","USA"
"2012-12-04 19:44:14","I Basiliani","2","191","16","4","2","5","3","Germania"
"2014-04-21 19:39:44","Cristallo","2","125","2","1","5","2","3","Finlandia"
"2012-07-05 19:30:55","Welcome","3","3","19","1","4","1","4","Germania"
"2014-03-25 19:48:00","Park Hotel","4","220","12","2","1","1","1","Italia"
"2014-02-09 19:17:07","Radisson","5","257","2","1","5","3","1","Germania"
"2013-08-05 19:20:21","Bellini","5","241","8","5","5","2","3","Spagna"
"2012-10-20 19:07:19","Centrale","2","108","9","2","2","5","5","USA"
"2013-08-13 19:03:31","Europa","4","206","17","3","5","2","2","Francia"
"2012-09-24 19:23:13","Garden","5","138","4","5","4","2","2","Italia"
"2013-08-29 19:23:34","Le Meridien","5","189","1","3","2","3","3","USA"
"2012-11-20 19:49:20","Nh Hotels","5","57","20","4","2","5","1","Germania"
"2013-06-06 19:00:24","Eden","5","22","7","1","1","1","1","USA"
"2013-12-12 19:05:34","Piram","5","142","17","5","4","4","3","Francia"
"2013-06-26 19:39:34","OpenBB","5","245","1","5","2","3","3","Svezia"
"2013-01-22 19:49:46","HB Hotels","4","268","3","3","4","4","5","USA"
"2013-04-27 19:44:02","Belvedere","5","149","3","4","5","3","1","Francia"
"2014-02-19 19:04:55","Grand Palace Hotel","3","73","17","5","3","1","1","Finlandia"
"2013-09-07 19:34:02","Superior","4","60","5","5","1","4","2","Italia"
"2013-04-30 19:21:06","Radisson","5","257","2","5","4","2","5","Olanda"
"2013-12-23 19:13:25","Ritz Carlton","3","211","9","5","3","5","1","Italia"
"2012-11-24 19:23:15","Welcome","2","213","11","5","3","1","5","Spagna"
"2012-10-02 19:19:16","Holiday Inn","4","141","19","1","2","5","1","Olanda"
"2013-03-16 19:04:59","Palatino","3","240","18","4","4","4","2","Italia"
"2012-12-19 19:09:39","Excelsior","2","110","6","1","3","4","2","Italia"
"2013-05-06 19:19:30","Excelsior","4","58","16","1","1","3","1","Olanda"
"2013-04-06 19:07:00","Marriot","3","11","5","1","2","1","3","Italia"
"2014-04-20 19:50:41","Accor Italia Hotels","5","262","5","5","4","4","4","USA"
"2012-06-11 19:04:29","I Basiliani","2","191","16","1","2","2","5","Germania"
"2013-04-03 19:20:16","OpenBB","2","60","19","1","3","4","4","Finlandia"
"2014-02-26 19:26:22","Sheraton","2","16","2","5","5","5","5","Olanda"
"2013-11-04 19:25:50","Piram","5","142","17","1","3","2","5","Germania"
"2012-08-16 19:48:59","Bellini","5","131","11","3","1","4","5","Spagna"
"2013-09-12 19:05:21","Miramonti","2","182","12","3","2","4","3","Italia"
"2013-09-10 19:31:26","Aurora","5","4","17","5","1","3","5","Germania"
"2012-09-24 19:33:36","Welcome","2","27","5","5","4","1","4","Spagna"
"2014-03-13 19:40:18","OpenBB","2","60","19","5","1","2","3","Svezia"
"2012-05-31 19:38:21","Paradiso di Arolo","2","288","13","2","5","1","3","Grecia"
"2014-01-31 19:48:56","Le Meridien","3","114","9","3","4","1","3","USA"
"2013-03-02 19:12:34","Europa","3","131","3","2","4","1","5","Italia"
"2013-03-03 19:41:43","Marriot","3","34","20","3","1","4","3","Spagna"
"2013-11-17 19:41:48","OpenBB","2","204","4","1","1","3","2","Francia"
"2012-08-23 19:44:13","Best Western","4","285","4","5","4","3","4","Francia"
"2013-02-12 19:28:57","Ritz Carlton","3","214","14","2","5","5","4","Olanda"
"2012-06-08 19:55:29","Eden","4","122","9","3","2","1","4","UK"
"2013-05-10 19:21:35","Nord Nuova Roma","3","51","18","5","3","3","3","Olanda"
"2012-12-15 19:36:49","Marriot","3","34","20","3","4","3","1","UK"
"2012-08-28 19:02:01","Accor Italia Hotels","5","262","5","1","2","2","3","Italia"
"2013-10-20 19:16:01","Marriot","3","11","5","2","3","4","1","Francia"
"2013-01-31 19:33:46","Palatino","3","240","18","2","1","3","4","Finlandia"
"2012-08-09 19:23:11","Europa","3","59","11","3","3","1","5","Francia"
"2014-02-26 19:00:25","Paradise","2","46","5","1","5","4","5","Spagna"
"2013-11-16 19:35:46","Ritz Carlton","3","211","9","4","4","5","2","Svezia"
"2012-10-19 19:37:56","HB Hotels","2","278","18","1","1","3","4","Grecia"
"2013-05-17 19:34:44","Ritz Carlton","3","214","14","3","5","3","2","UK"
"2012-06-26 19:25:20","Ritz Carlton","3","214","14","5","3","4","5","Grecia"
"2014-04-23 19:02:59","Ritz Carlton","3","211","9","2","3","1","2","Svezia"
"2013-02-11 19:45:35","Grand Palace Hotel","4","244","16","4","2","5","5","Svezia"
"2014-01-24 19:59:41","Comfort Inn","5","97","1","5","4","3","1","Finlandia"
"2013-11-03 19:53:38","Superior","3","260","7","3","1","4","1","Spagna"
"2013-03-19 19:59:32","Ritz Carlton","4","193","17","2","1","3","3","Svezia"
"2014-01-27 20:11:11","Wool Street","2","16","5","5","5","1","5","USA"
"2013-02-26 19:43:29","Miramare","3","220","18","1","3","3","4","Germania"
"2012-09-23 20:21:10","Sheraton","5","110","10","5","4","1","3","Finlandia"
"2014-03-03 20:02:07","Ranieri","3","181","14","5","2","1","3","Francia"
"2014-01-20 20:01:32","Le Meridien","2","290","11","5","1","2","4","Grecia"
"2014-01-27 20:18:25","Europa","2","298","2","3","3","1","4","Grecia"
"2012-10-03 19:50:12","Grand Palace Hotel","4","244","16","2","3","3","5","Svezia"
"2014-01-19 20:11:03","Paradise","5","92","1","2","2","1","1","Francia"
"2012-12-05 20:37:25","Ritz Carlton","4","193","17","3","5","3","3","UK"
"2014-04-16 19:43:27","Radisson","2","30","20","1","4","2","3","Grecia"
"2012-08-02 20:14:43","La Giocca","3","51","15","1","4","4","5","Olanda"
"2012-12-14 20:32:44","Superior","3","260","7","5","3","1","3","Italia"
"2014-02-14 19:57:42","Bellini","4","212","12","1","4","2","4","Svezia"
"2013-03-14 20:06:51","Ranieri","3","181","14","3","3","5","5","Grecia"
"2012-07-18 20:18:45","Hilton","5","139","12","5","2","4","4","Finlandia"
"2012-11-04 20:31:22","Radisson","2","30","20","5","3","3","2","Germania"
"2014-01-01 20:10:10","Miramare","3","220","18","1","2","3","4","Finlandia"
"2013-11-10 19:56:13","Miramare","3","220","18","2","1","2","2","Grecia"
"2013-03-11 19:40:59","Cristallo","3","147","10","5","3","5","4","UK"
"2013-06-15 19:44:55","Park Hotel","2","167","12","1","4","4","3","Grecia"
"2013-10-21 20:14:51","Eden","4","104","15","1","5","4","2","Finlandia"
"2014-02-23 20:08:20","Cristallo","3","147","10","1","5","5","2","Germania"
"2013-02-13 20:11:44","Belvedere","3","52","4","2","4","2","3","USA"
"2012-10-27 19:43:40","I Basiliani","2","139","1","1","3","3","1","Germania"
"2013-08-20 19:58:03","Eden","4","104","15","1","1","5","2","Grecia"
"2013-03-08 19:48:27","Palatino","2","41","1","5","2","1","2","Grecia"
"2013-11-23 19:46:19","Centrale","5","247","7","2","5","3","1","Italia"
"2014-04-07 20:33:14","Bellini","4","212","12","4","5","3","1","Olanda"
"2012-12-16 20:20:33","Gugliel motel","3","213","15","3","1","2","5","Spagna"
"2013-12-04 20:15:30","Accor Italia Hotels","3","161","15","3","2","1","1","Germania"
"2014-04-28 20:17:38","Grand Palace Hotel","4","244","16","5","3","1","2","Grecia"
"2012-09-27 19:49:59","Miramonti","2","63","6","4","4","3","3","UK"
"2013-12-30 20:18:55","Movenpick","5","77","11","1","3","1","5","Olanda"
"2012-05-11 19:48:43","Movenpick","5","77","11","3","1","4","1","UK"
"2013-03-26 20:24:39","Centrale","5","247","7","5","3","2","3","Germania"
"2013-02-21 20:22:45","Boscolo Hotels","5","92","11","4","1","1","3","Francia"
"2013-08-15 19:55:14","HB Hotels","2","62","10","2","3","3","1","Italia"
"2014-01-18 20:04:09","Miramonti","2","63","6","5","4","1","1","Germania"
"2012-10-10 20:13:16","Radisson","2","30","20","1","4","4","4","Spagna"
"2013-04-25 20:31:07","Boscolo Hotels","5","92","11","2","4","4","1","Germania"
"2012-06-28 19:58:17","Holiday Inn","2","202","12","4","5","3","3","Svezia"
"2013-03-24 20:08:47","Le Meridien","2","290","11","5","2","5","3","Italia"
"2013-08-16 20:24:57","Eden","4","104","15","2","1","2","3","Francia"
"2014-03-09 20:33:23","Le Meridien","2","290","11","2","2","2","1","Francia"
"2012-09-29 20:01:55","La Rocca","2","189","9","3","1","5","3","Germania"
"2012-06-05 20:00:57","Radisson","2","30","20","2","4","2","4","Francia"
"2012-07-30 20:33:13","Hilton","5","139","12","1","5","1","4","UK"
"2012-06-09 20:31:03","Miramare","3","220","18","5","2","3","2","UK"
"2012-07-31 19:55:49","Miramonti","2","63","6","1","3","2","3","UK"
"2012-10-12 20:36:42","Grand Palace Hotel","4","244","16","4","3","5","5","UK"
"2012-08-04 19:54:00","HB Hotels","2","62","10","2","4","4","5","Spagna"
"2013-02-24 20:08:07","Comfort Inn","5","97","1","5","4","4","5","Italia"
"2012-09-13 20:26:21","Nord Nuova Roma","5","245","5","5","4","5","4","Germania"
"2013-07-30 20:04:08","HB Hotels","2","62","10","4","3","4","3","Grecia"
"2013-10-28 20:12:50","Palatino","2","41","1","5","4","1","5","UK"
"2012-09-07 19:44:56","Park Hotel","2","167","12","3","1","4","1","Grecia"
"2013-04-25 20:28:25","Western Bay","2","88","15","2","1","4","1","Olanda"
"2013-12-04 20:09:41","I Basiliani","2","139","1","4","1","4","4","UK"
